date,open,high,low,close,volume,wap,barCount
20260701 09:30:00 US/Eastern,421.47,425.19,419.33,423.43,1448859.0,422.583,9469
20260701 09:35:00 US/Eastern,423.43,424.42,419.24,419.36,808652.0,422.165,6606
20260701 09:40:00 US/Eastern,419.45,420.96,418.09,420.36,523198.0,419.743,4858
20260701 09:45:00 US/Eastern,420.36,423.35,420.0,423.24,636030.0,421.939,5640
20260701 09:50:00 US/Eastern,423.18,423.47,422.21,423.3,449644.0,422.873,4163
20260701 09:55:00 US/Eastern,423.29,424.5,422.52,422.68,456767.0,423.446,4191
20260701 10:00:00 US/Eastern,422.95,424.91,422.9,423.76,512629.0,424.003,5184
20260701 10:05:00 US/Eastern,423.8,427.64,423.32,426.68,1040493.0,426.043,8822
20260701 10:10:00 US/Eastern,426.64,427.61,425.78,426.31,562853.0,426.814,5016
20260701 10:15:00 US/Eastern,426.33,427.35,426.2,426.83,389095.0,426.928,3625
20260701 10:20:00 US/Eastern,426.86,427.45,425.93,426.3,514009.0,426.806,4162
20260701 10:25:00 US/Eastern,426.3,427.7,426.07,427.08,483473.0,427.133,4248
20260701 10:30:00 US/Eastern,427.08,427.42,424.0,425.89,525683.0,426.01,4440
20260701 10:35:00 US/Eastern,425.89,427.51,425.33,427.48,395537.0,426.333,3575
20260701 10:40:00 US/Eastern,427.44,427.93,426.27,427.23,443963.0,427.094,3765
20260701 10:45:00 US/Eastern,427.23,428.85,426.11,428.82,572094.0,427.475,5001
20260701 10:50:00 US/Eastern,428.78,428.99,427.19,427.34,403059.0,428.056,3616
20260701 10:55:00 US/Eastern,427.4,427.47,424.76,425.89,512255.0,425.883,4452
20260701 11:00:00 US/Eastern,425.86,427.96,425.78,427.86,380295.0,427.088,3304
20260701 11:05:00 US/Eastern,427.89,429.44,427.71,429.39,655383.0,428.867,5235
20260701 11:10:00 US/Eastern,429.4,430.54,429.0,430.29,675615.0,429.707,5838
20260701 11:15:00 US/Eastern,430.22,430.36,428.53,429.51,537876.0,429.386,5197
20260701 11:20:00 US/Eastern,429.57,432.06,429.52,432.0,711742.0,431.063,5850
20260701 11:25:00 US/Eastern,431.98,432.86,431.63,431.83,593092.0,432.273,5379
20260701 11:30:00 US/Eastern,431.9,432.13,430.75,431.34,471993.0,431.555,4307
20260701 11:35:00 US/Eastern,431.31,432.08,430.18,430.24,445443.0,431.217,3765
20260701 11:40:00 US/Eastern,430.21,430.87,429.71,430.53,358926.0,430.388,3124
20260701 11:45:00 US/Eastern,430.47,430.94,428.58,428.93,336587.0,429.836,2901
20260701 11:50:00 US/Eastern,428.95,429.45,428.75,428.82,237967.0,429.12,2291
20260701 11:55:00 US/Eastern,428.81,428.93,427.93,428.41,276127.0,428.409,2397
20260701 12:00:00 US/Eastern,428.41,428.69,427.3,427.36,291993.0,427.999,2771
20260701 12:05:00 US/Eastern,427.35,428.27,427.18,427.8,341220.0,427.786,2878
20260701 12:10:00 US/Eastern,427.85,428.27,427.5,428.15,199029.0,427.917,1822
20260701 12:15:00 US/Eastern,428.15,428.45,427.63,427.94,230829.0,428.089,2264
20260701 12:20:00 US/Eastern,427.95,428.29,427.21,428.06,220427.0,427.764,2075
20260701 12:25:00 US/Eastern,428.04,428.75,427.8,428.0,186751.0,428.168,1856
20260701 12:30:00 US/Eastern,427.99,428.4,427.4,427.56,182360.0,427.92,1778
20260701 12:35:00 US/Eastern,427.54,428.09,427.01,427.61,228903.0,427.6,2036
20260701 12:40:00 US/Eastern,427.61,427.92,427.12,427.5,139144.0,427.512,1320
20260701 12:45:00 US/Eastern,427.5,427.72,426.81,426.92,193643.0,427.271,1940
20260701 12:50:00 US/Eastern,426.96,427.28,425.69,426.16,282072.0,426.299,2474
20260701 12:55:00 US/Eastern,426.16,426.9,425.99,426.69,246634.0,426.53,2364
20260701 13:00:00 US/Eastern,426.65,427.08,425.83,426.09,238768.0,426.429,2226
20260701 13:05:00 US/Eastern,426.09,427.0,425.46,426.87,242620.0,426.05,2474
20260701 13:10:00 US/Eastern,426.94,427.67,426.43,427.43,242288.0,427.111,2170
20260701 13:15:00 US/Eastern,427.37,427.68,426.5,426.68,241989.0,427.013,2273
20260701 13:20:00 US/Eastern,426.74,427.25,426.6,427.2,142485.0,426.979,1378
20260701 13:25:00 US/Eastern,427.2,427.41,426.37,426.49,170715.0,426.995,1653
20260701 13:30:00 US/Eastern,426.49,426.8,425.2,425.25,304304.0,425.714,2567
20260701 13:35:00 US/Eastern,425.32,425.82,425.01,425.69,272923.0,425.346,2269
20260701 13:40:00 US/Eastern,425.73,426.19,425.64,425.77,209783.0,425.953,1791
20260701 13:45:00 US/Eastern,425.77,425.79,425.09,425.35,198918.0,425.443,1777
20260701 13:50:00 US/Eastern,425.39,426.34,425.39,426.07,214457.0,425.857,1657
20260701 13:55:00 US/Eastern,426.07,426.17,424.89,424.95,265203.0,425.422,2058
20260701 14:00:00 US/Eastern,424.97,425.38,424.77,425.14,202415.0,425.087,1833
20260701 14:05:00 US/Eastern,425.15,425.45,424.53,425.45,249758.0,424.878,2368
20260701 14:10:00 US/Eastern,425.45,425.53,424.63,424.67,172321.0,424.935,1758
20260701 14:15:00 US/Eastern,424.67,425.28,424.35,424.82,194082.0,424.724,1935
20260701 14:20:00 US/Eastern,424.86,425.51,424.61,425.32,179646.0,425.052,1602
20260701 14:25:00 US/Eastern,425.22,425.36,424.25,424.6,201410.0,424.744,1815
20260701 14:30:00 US/Eastern,424.6,424.96,424.05,424.82,253467.0,424.445,2173
20260701 14:35:00 US/Eastern,424.79,425.2,423.76,423.97,402935.0,424.378,3672
20260701 14:40:00 US/Eastern,423.94,424.64,423.68,424.54,235635.0,424.159,2004
20260701 14:45:00 US/Eastern,424.55,425.25,424.3,424.95,249281.0,424.798,2220
20260701 14:50:00 US/Eastern,424.9,425.44,424.51,424.72,182880.0,425.039,1781
20260701 14:55:00 US/Eastern,424.73,425.79,424.3,425.75,334777.0,425.027,2782
20260701 15:00:00 US/Eastern,425.75,426.35,424.8,425.59,345950.0,425.56,3128
20260701 15:05:00 US/Eastern,425.58,426.34,425.42,426.16,246221.0,426.005,2184
20260701 15:10:00 US/Eastern,426.18,426.48,425.2,426.39,335700.0,425.825,2976
20260701 15:15:00 US/Eastern,426.35,426.58,425.68,426.46,407844.0,426.211,3510
20260701 15:20:00 US/Eastern,426.41,426.49,425.26,425.33,226554.0,425.694,2245
20260701 15:25:00 US/Eastern,425.34,426.24,425.08,425.99,284725.0,425.637,2815
20260701 15:30:00 US/Eastern,425.99,426.48,425.78,426.23,271528.0,426.154,2503
20260701 15:35:00 US/Eastern,426.22,426.88,426.06,426.7,352715.0,426.546,3196
20260701 15:40:00 US/Eastern,426.69,427.27,426.05,427.13,474807.0,426.649,4382
20260701 15:45:00 US/Eastern,427.13,427.18,426.15,426.71,328704.0,426.713,3212
20260701 15:50:00 US/Eastern,426.73,426.95,425.28,426.02,678662.0,426.413,6480
20260701 15:55:00 US/Eastern,425.97,426.49,424.94,425.34,933601.0,425.596,11367
20260702 09:30:00 US/Eastern,428.15,432.35,425.07,425.32,1431021.0,428.393,10531
20260702 09:35:00 US/Eastern,425.25,425.53,418.3,418.75,1497404.0,421.188,11641
20260702 09:40:00 US/Eastern,418.78,418.87,413.75,414.0,1501106.0,416.216,12032
20260702 09:45:00 US/Eastern,413.87,414.94,412.8,413.56,1387265.0,413.847,12143
20260702 09:50:00 US/Eastern,413.56,413.75,412.0,412.8,1118532.0,412.809,9279
20260702 09:55:00 US/Eastern,412.88,413.7,410.8,413.01,1160893.0,412.452,8560
20260702 10:00:00 US/Eastern,413.15,413.22,410.82,410.96,823169.0,411.775,7090
20260702 10:05:00 US/Eastern,410.96,413.07,410.57,412.3,766896.0,411.976,6669
20260702 10:10:00 US/Eastern,412.34,414.32,411.58,412.2,872995.0,412.936,7294
20260702 10:15:00 US/Eastern,412.26,412.81,407.22,407.6,1443979.0,409.602,11651
20260702 10:20:00 US/Eastern,407.52,407.73,403.15,403.2,1746688.0,405.224,14069
20260702 10:25:00 US/Eastern,403.2,403.29,401.0,401.51,1748810.0,401.962,13854
20260702 10:30:00 US/Eastern,401.65,402.66,398.76,399.1,1567304.0,400.811,12594
20260702 10:35:00 US/Eastern,399.19,400.57,398.21,398.73,1411144.0,399.513,12040
20260702 10:40:00 US/Eastern,398.66,399.18,396.36,397.67,1155139.0,397.494,9524
20260702 10:45:00 US/Eastern,397.66,398.39,395.9,396.99,1056764.0,397.262,9403
20260702 10:50:00 US/Eastern,396.97,397.58,395.65,396.26,796382.0,396.501,7142
20260702 10:55:00 US/Eastern,396.26,397.87,395.38,397.83,1015555.0,396.438,9191
20260702 11:00:00 US/Eastern,397.78,398.43,394.92,395.05,1182102.0,397.185,10574
20260702 11:05:00 US/Eastern,395.05,397.36,395.01,396.51,727093.0,396.028,6665
20260702 11:10:00 US/Eastern,396.59,397.5,395.75,396.36,554531.0,396.61,5338
20260702 11:15:00 US/Eastern,396.36,396.79,394.42,394.95,724533.0,395.214,6433
20260702 11:20:00 US/Eastern,394.96,396.43,394.25,396.43,668705.0,395.316,5999
20260702 11:25:00 US/Eastern,396.4,397.25,395.13,396.93,592425.0,396.525,5264
20260702 11:30:00 US/Eastern,396.93,398.64,396.77,398.5,590421.0,397.578,5481
20260702 11:35:00 US/Eastern,398.42,399.9,398.16,399.28,873149.0,399.188,6923
20260702 11:40:00 US/Eastern,399.28,400.8,399.16,399.7,661802.0,400.021,5727
20260702 11:45:00 US/Eastern,399.65,400.75,399.5,399.89,486468.0,400.05,4257
20260702 11:50:00 US/Eastern,399.89,400.45,399.2,399.69,415934.0,399.694,3597
20260702 11:55:00 US/Eastern,399.74,399.74,397.79,398.41,502870.0,398.575,4210
20260702 12:00:00 US/Eastern,398.48,398.69,396.77,397.32,589548.0,397.473,5099
20260702 12:05:00 US/Eastern,397.32,397.7,394.1,394.17,792090.0,395.476,6165
20260702 12:10:00 US/Eastern,394.14,395.68,393.9,395.08,590477.0,394.969,4964
20260702 12:15:00 US/Eastern,395.09,395.24,394.13,394.27,385813.0,394.498,3475
20260702 12:20:00 US/Eastern,394.27,394.48,393.65,393.93,573078.0,394.002,5186
20260702 12:25:00 US/Eastern,393.93,394.99,392.79,392.93,616852.0,393.668,5072
20260702 12:30:00 US/Eastern,392.93,393.1,390.9,391.09,714240.0,391.879,5438
20260702 12:35:00 US/Eastern,391.09,391.56,390.27,391.29,612451.0,390.904,5138
20260702 12:40:00 US/Eastern,391.32,392.57,391.31,392.14,464304.0,392.146,3982
20260702 12:45:00 US/Eastern,392.13,392.64,391.39,391.98,424941.0,392.03,3660
20260702 12:50:00 US/Eastern,391.98,393.33,391.49,392.21,454745.0,392.531,3847
20260702 12:55:00 US/Eastern,392.21,392.24,390.6,390.8,520623.0,391.168,4307
20260702 13:00:00 US/Eastern,390.8,391.04,390.21,390.77,456001.0,390.596,3751
20260702 13:05:00 US/Eastern,390.72,392.2,390.41,391.87,490272.0,391.603,4594
20260702 13:10:00 US/Eastern,391.88,391.94,390.63,390.9,373532.0,391.069,3325
20260702 13:15:00 US/Eastern,390.89,391.25,390.13,390.23,466396.0,390.605,4219
20260702 13:20:00 US/Eastern,390.28,391.1,390.08,390.93,388157.0,390.624,3381
20260702 13:25:00 US/Eastern,390.95,391.22,390.55,391.03,273981.0,390.907,2634
20260702 13:30:00 US/Eastern,391.07,392.17,390.96,391.53,342671.0,391.58,3324
20260702 13:35:00 US/Eastern,391.59,391.62,390.03,390.18,418724.0,390.647,3873
20260702 13:40:00 US/Eastern,390.2,390.95,390.04,390.7,377187.0,390.529,3450
20260702 13:45:00 US/Eastern,390.74,390.81,389.89,390.69,453500.0,390.314,3860
20260702 13:50:00 US/Eastern,390.66,392.09,390.42,392.02,383869.0,391.175,3623
20260702 13:55:00 US/Eastern,392.0,392.15,390.84,391.34,336211.0,391.418,3089
20260702 14:00:00 US/Eastern,391.38,392.74,391.3,392.55,444695.0,391.998,3789
20260702 14:05:00 US/Eastern,392.52,394.24,392.48,394.16,584562.0,393.355,5724
20260702 14:10:00 US/Eastern,394.16,394.45,393.04,393.14,486797.0,393.733,4610
20260702 14:15:00 US/Eastern,393.15,393.97,392.56,393.67,383853.0,393.305,3789
20260702 14:20:00 US/Eastern,393.68,394.1,393.34,393.45,301001.0,393.761,3246
20260702 14:25:00 US/Eastern,393.44,394.29,393.16,393.74,316401.0,393.809,3220
20260702 14:30:00 US/Eastern,393.72,394.37,393.05,393.3,335556.0,393.858,3670
20260702 14:35:00 US/Eastern,393.3,393.83,392.2,393.0,356917.0,392.834,3035
20260702 14:40:00 US/Eastern,392.94,392.98,391.9,391.99,300725.0,392.375,2841
20260702 14:45:00 US/Eastern,392.0,392.1,390.98,391.98,359851.0,391.624,3328
20260702 14:50:00 US/Eastern,391.98,392.02,391.05,391.46,298265.0,391.477,2621
20260702 14:55:00 US/Eastern,391.46,392.2,391.28,392.19,313771.0,391.824,2867
20260702 15:00:00 US/Eastern,392.17,392.35,391.14,391.27,342627.0,391.571,3484
20260702 15:05:00 US/Eastern,391.29,391.97,390.96,391.43,318485.0,391.468,3249
20260702 15:10:00 US/Eastern,391.45,391.62,390.96,391.09,236657.0,391.291,2372
20260702 15:15:00 US/Eastern,391.09,391.18,390.6,390.7,394859.0,390.898,4023
20260702 15:20:00 US/Eastern,390.73,390.75,389.3,389.68,728443.0,389.951,6476
20260702 15:25:00 US/Eastern,389.67,391.31,389.48,391.26,478911.0,390.48,4457
20260702 15:30:00 US/Eastern,391.21,392.37,390.95,392.2,589740.0,391.516,5791
20260702 15:35:00 US/Eastern,392.26,392.4,391.34,391.48,480820.0,392.014,4464
20260702 15:40:00 US/Eastern,391.48,392.47,391.16,392.0,498614.0,391.943,4728
20260702 15:45:00 US/Eastern,391.99,392.04,390.91,391.08,447098.0,391.392,4602
20260702 15:50:00 US/Eastern,391.1,392.44,391.07,392.16,873061.0,391.701,9258
20260702 15:55:00 US/Eastern,392.14,394.2,391.97,392.82,1733487.0,393.557,18067
20260706 09:30:00 US/Eastern,397.74,400.66,394.18,394.29,1792690.0,397.26,10478
20260706 09:35:00 US/Eastern,394.31,394.32,390.5,392.66,1079166.0,392.148,8766
20260706 09:40:00 US/Eastern,392.6,398.97,392.5,398.02,969863.0,395.624,7750
20260706 09:45:00 US/Eastern,398.07,401.45,397.77,401.36,932976.0,399.968,7484
20260706 09:50:00 US/Eastern,401.33,403.08,400.55,401.36,940485.0,401.741,7701
20260706 09:55:00 US/Eastern,401.38,402.33,400.8,401.71,468253.0,401.664,3911
20260706 10:00:00 US/Eastern,401.8,404.08,401.35,402.25,828869.0,402.903,6884
20260706 10:05:00 US/Eastern,402.36,402.88,400.92,402.57,492648.0,401.812,4150
20260706 10:10:00 US/Eastern,402.57,404.07,402.11,403.7,505388.0,403.323,4390
20260706 10:15:00 US/Eastern,403.69,405.08,403.45,404.28,595399.0,404.399,5162
20260706 10:20:00 US/Eastern,404.29,406.18,404.1,405.31,589429.0,405.291,5055
20260706 10:25:00 US/Eastern,405.34,406.74,404.7,405.23,544833.0,405.595,4702
20260706 10:30:00 US/Eastern,405.3,406.51,405.09,405.84,469007.0,405.898,4023
20260706 10:35:00 US/Eastern,405.77,406.12,404.26,404.88,425009.0,405.057,3624
20260706 10:40:00 US/Eastern,404.92,405.05,403.41,404.17,379787.0,404.217,3107
20260706 10:45:00 US/Eastern,404.18,404.77,403.43,403.81,293278.0,404.075,2754
20260706 10:50:00 US/Eastern,403.83,405.48,403.78,405.27,353168.0,404.785,3336
20260706 10:55:00 US/Eastern,405.19,408.21,404.94,407.57,844310.0,406.94,6949
20260706 11:00:00 US/Eastern,407.61,410.12,407.61,409.64,984159.0,409.095,8291
20260706 11:05:00 US/Eastern,409.67,410.46,409.0,409.88,566981.0,409.742,5195
20260706 11:10:00 US/Eastern,409.88,411.15,408.76,409.72,682642.0,410.062,5826
20260706 11:15:00 US/Eastern,409.69,409.79,409.11,409.63,278608.0,409.511,2560
20260706 11:20:00 US/Eastern,409.64,410.39,409.08,410.39,349669.0,409.796,3293
20260706 11:25:00 US/Eastern,410.39,411.68,410.08,411.38,474909.0,410.822,4068
20260706 11:30:00 US/Eastern,411.31,413.14,411.01,412.57,692195.0,412.315,5678
20260706 11:35:00 US/Eastern,412.6,412.86,411.53,411.99,447286.0,412.339,4088
20260706 11:40:00 US/Eastern,412.02,413.15,411.93,412.53,367580.0,412.657,3259
20260706 11:45:00 US/Eastern,412.53,413.27,412.03,412.95,338216.0,412.864,3107
20260706 11:50:00 US/Eastern,412.95,413.71,412.91,413.22,367100.0,413.328,3333
20260706 11:55:00 US/Eastern,413.23,414.64,412.88,414.14,497487.0,413.947,4567
20260706 12:00:00 US/Eastern,414.18,415.58,413.93,414.89,636357.0,414.804,5408
20260706 12:05:00 US/Eastern,414.87,417.09,414.72,416.51,848833.0,416.331,6824
20260706 12:10:00 US/Eastern,416.5,417.29,416.33,416.86,476140.0,416.764,4406
20260706 12:15:00 US/Eastern,416.91,418.35,416.87,417.93,818512.0,417.787,6898
20260706 12:20:00 US/Eastern,417.93,418.3,416.61,416.9,508345.0,417.457,4570
20260706 12:25:00 US/Eastern,416.9,417.35,416.4,416.71,507812.0,416.897,4382
20260706 12:30:00 US/Eastern,416.62,418.1,415.71,417.69,646898.0,416.876,5494
20260706 12:35:00 US/Eastern,417.81,418.49,417.32,417.59,478644.0,417.93,4262
20260706 12:40:00 US/Eastern,417.59,418.54,416.86,416.93,403583.0,417.688,3530
20260706 12:45:00 US/Eastern,416.95,417.4,416.13,416.29,377416.0,416.776,3306
20260706 12:50:00 US/Eastern,416.32,418.18,416.02,417.7,488227.0,417.252,3988
20260706 12:55:00 US/Eastern,417.69,418.92,417.63,418.2,563722.0,418.298,4573
20260706 13:00:00 US/Eastern,418.17,419.1,417.62,418.97,477104.0,418.519,4073
20260706 13:05:00 US/Eastern,418.96,419.55,418.56,418.85,513178.0,419.08,4678
20260706 13:10:00 US/Eastern,418.9,418.98,417.33,418.06,408162.0,418.28,3658
20260706 13:15:00 US/Eastern,418.06,418.27,417.05,417.1,273159.0,417.637,2375
20260706 13:20:00 US/Eastern,417.14,417.88,417.03,417.72,275405.0,417.457,2403
20260706 13:25:00 US/Eastern,417.7,418.1,416.6,416.64,337796.0,417.29,2873
20260706 13:30:00 US/Eastern,416.64,416.78,415.14,415.65,560643.0,415.887,4883
20260706 13:35:00 US/Eastern,415.65,415.78,415.12,415.36,351269.0,415.359,3073
20260706 13:40:00 US/Eastern,415.36,415.45,414.61,414.76,384050.0,415.005,3190
20260706 13:45:00 US/Eastern,414.76,414.97,414.01,414.48,359951.0,414.597,3098
20260706 13:50:00 US/Eastern,414.48,415.09,414.22,414.31,289728.0,414.687,2794
20260706 13:55:00 US/Eastern,414.32,414.63,414.1,414.52,244664.0,414.354,2087
20260706 14:00:00 US/Eastern,414.55,415.81,414.35,415.2,414243.0,415.202,3675
20260706 14:05:00 US/Eastern,415.25,415.55,415.12,415.25,221953.0,415.34,1984
20260706 14:10:00 US/Eastern,415.24,415.29,414.23,414.58,254453.0,414.78,2315
20260706 14:15:00 US/Eastern,414.62,415.58,414.43,414.99,233496.0,414.982,2089
20260706 14:20:00 US/Eastern,414.99,417.0,414.74,416.74,337867.0,415.879,3013
20260706 14:25:00 US/Eastern,416.74,417.62,416.37,417.62,405671.0,417.04,3313
20260706 14:30:00 US/Eastern,417.62,417.8,416.87,417.05,348685.0,417.298,3155
20260706 14:35:00 US/Eastern,417.05,417.1,416.6,416.67,218544.0,416.828,1988
20260706 14:40:00 US/Eastern,416.75,417.35,416.51,417.01,252119.0,416.849,2186
20260706 14:45:00 US/Eastern,416.96,417.36,416.61,416.96,203443.0,416.951,1875
20260706 14:50:00 US/Eastern,416.97,417.31,416.66,417.06,186668.0,417.007,1842
20260706 14:55:00 US/Eastern,417.04,417.2,416.25,416.35,223821.0,416.732,2237
20260706 15:00:00 US/Eastern,416.36,416.6,415.9,416.51,259112.0,416.284,2568
20260706 15:05:00 US/Eastern,416.52,417.66,416.47,416.98,455789.0,417.197,4537
20260706 15:10:00 US/Eastern,416.98,417.42,416.71,416.78,298235.0,417.034,3010
20260706 15:15:00 US/Eastern,416.75,418.27,416.51,418.11,537981.0,417.363,4873
20260706 15:20:00 US/Eastern,418.11,418.13,416.78,416.93,334021.0,417.39,3168
20260706 15:25:00 US/Eastern,416.93,417.47,416.57,417.2,271158.0,417.082,2667
20260706 15:30:00 US/Eastern,417.11,417.77,416.82,417.65,299506.0,417.187,2950
20260706 15:35:00 US/Eastern,417.65,417.77,416.74,417.12,340234.0,417.233,3341
20260706 15:40:00 US/Eastern,417.12,417.74,416.81,417.32,335689.0,417.334,3488
20260706 15:45:00 US/Eastern,417.34,418.1,417.15,417.61,435816.0,417.682,4505
20260706 15:50:00 US/Eastern,417.64,418.7,416.39,418.26,907244.0,417.572,9708
20260706 15:55:00 US/Eastern,418.27,420.0,418.25,419.77,1917717.0,419.614,20227
20260707 09:30:00 US/Eastern,416.9,419.56,414.54,417.13,928283.0,417.773,8429
20260707 09:35:00 US/Eastern,417.12,417.53,414.06,415.58,705173.0,415.668,5831
20260707 09:40:00 US/Eastern,415.58,416.3,413.5,414.25,599264.0,414.759,5202
20260707 09:45:00 US/Eastern,414.33,416.38,414.0,415.21,554546.0,415.128,4823
20260707 09:50:00 US/Eastern,415.27,415.33,412.33,412.65,788002.0,413.711,6725
20260707 09:55:00 US/Eastern,412.69,413.27,411.05,413.03,771374.0,412.083,6535
20260707 10:00:00 US/Eastern,413.06,415.94,412.46,413.2,777548.0,414.17,5976
20260707 10:05:00 US/Eastern,413.27,414.88,411.55,411.81,506928.0,413.075,4166
20260707 10:10:00 US/Eastern,411.75,411.77,408.21,408.36,896443.0,409.662,7141
20260707 10:15:00 US/Eastern,408.36,409.28,407.66,409.01,642271.0,408.459,5329
20260707 10:20:00 US/Eastern,409.05,409.95,407.23,407.25,538421.0,408.754,4471
20260707 10:25:00 US/Eastern,407.3,409.87,406.9,409.43,512252.0,408.335,4128
20260707 10:30:00 US/Eastern,409.46,410.2,408.9,409.23,531473.0,409.677,4036
20260707 10:35:00 US/Eastern,409.23,409.66,408.21,408.29,308786.0,408.93,2905
20260707 10:40:00 US/Eastern,408.32,409.11,407.57,408.88,317407.0,408.42,2974
20260707 10:45:00 US/Eastern,408.78,410.14,408.26,408.68,415878.0,409.213,3336
20260707 10:50:00 US/Eastern,408.74,410.06,408.55,409.28,323784.0,409.333,2935
20260707 10:55:00 US/Eastern,409.27,410.18,408.69,408.79,312531.0,409.36,2804
20260707 11:00:00 US/Eastern,408.7,408.88,407.84,408.82,315156.0,408.361,2582
20260707 11:05:00 US/Eastern,408.77,409.35,408.22,409.24,261415.0,408.921,2133
20260707 11:10:00 US/Eastern,409.22,409.25,408.26,408.29,204557.0,408.811,1638
20260707 11:15:00 US/Eastern,408.26,408.36,406.41,406.51,418851.0,407.393,3457
20260707 11:20:00 US/Eastern,406.41,406.79,405.46,406.23,414043.0,406.194,3311
20260707 11:25:00 US/Eastern,406.23,407.28,405.9,406.35,340535.0,406.373,2695
20260707 11:30:00 US/Eastern,406.4,406.77,405.54,405.77,296459.0,405.993,2524
20260707 11:35:00 US/Eastern,405.86,406.87,405.05,405.22,417460.0,405.821,3752
20260707 11:40:00 US/Eastern,405.18,406.61,404.45,406.59,410349.0,405.462,3671
20260707 11:45:00 US/Eastern,406.62,407.12,405.37,405.37,343214.0,406.555,2993
20260707 11:50:00 US/Eastern,405.35,406.72,405.25,406.26,229419.0,406.047,2203
20260707 11:55:00 US/Eastern,406.31,407.41,405.86,407.15,334818.0,406.772,2747
20260707 12:00:00 US/Eastern,407.16,407.75,407.02,407.33,286524.0,407.44,2565
20260707 12:05:00 US/Eastern,407.32,407.76,406.58,406.86,245103.0,407.172,2354
20260707 12:10:00 US/Eastern,406.96,407.72,406.91,407.52,183997.0,407.315,1760
20260707 12:15:00 US/Eastern,407.47,407.58,406.91,407.35,174565.0,407.205,1666
20260707 12:20:00 US/Eastern,407.32,407.98,406.86,406.96,249384.0,407.438,2322
20260707 12:25:00 US/Eastern,406.9,407.86,406.7,407.43,220392.0,407.421,1757
20260707 12:30:00 US/Eastern,407.42,407.77,406.8,407.31,185616.0,407.358,1363
20260707 12:35:00 US/Eastern,407.27,408.69,407.0,408.53,288310.0,407.851,2522
20260707 12:40:00 US/Eastern,408.66,408.67,408.0,408.37,195787.0,408.328,1803
20260707 12:45:00 US/Eastern,408.35,409.23,408.12,409.17,271852.0,408.756,2089
20260707 12:50:00 US/Eastern,409.21,410.1,408.96,409.69,483597.0,409.621,4268
20260707 12:55:00 US/Eastern,409.6,409.6,408.08,409.19,278794.0,408.789,2228
20260707 13:00:00 US/Eastern,409.2,409.25,408.57,408.89,167121.0,408.857,1485
20260707 13:05:00 US/Eastern,408.89,409.29,408.71,408.88,97951.0,408.993,916
20260707 13:10:00 US/Eastern,408.89,408.89,406.62,406.72,313053.0,407.582,2441
20260707 13:15:00 US/Eastern,406.72,406.72,405.8,406.22,284289.0,406.162,2523
20260707 13:20:00 US/Eastern,406.19,407.67,406.13,407.39,233328.0,406.935,1936
20260707 13:25:00 US/Eastern,407.36,407.38,406.75,406.99,142161.0,407.075,1245
20260707 13:30:00 US/Eastern,407.03,407.25,406.18,406.34,171767.0,406.766,1489
20260707 13:35:00 US/Eastern,406.34,406.97,406.28,406.71,134810.0,406.652,1159
20260707 13:40:00 US/Eastern,406.72,407.0,406.3,406.97,121207.0,406.719,1076
20260707 13:45:00 US/Eastern,406.9,407.0,406.43,406.74,95707.0,406.718,916
20260707 13:50:00 US/Eastern,406.71,407.04,406.47,406.95,126114.0,406.768,1193
20260707 13:55:00 US/Eastern,407.0,408.28,406.96,408.25,207657.0,407.659,1800
20260707 14:00:00 US/Eastern,408.26,408.39,407.74,407.83,214560.0,408.096,1984
20260707 14:05:00 US/Eastern,407.8,407.83,406.16,406.32,271139.0,406.918,2371
20260707 14:10:00 US/Eastern,406.4,407.33,406.31,406.99,203826.0,406.745,1666
20260707 14:15:00 US/Eastern,406.99,406.99,406.03,406.53,163046.0,406.538,1437
20260707 14:20:00 US/Eastern,406.49,407.32,406.24,407.31,159335.0,406.719,1412
20260707 14:25:00 US/Eastern,407.3,407.45,406.35,406.47,160241.0,406.964,1374
20260707 14:30:00 US/Eastern,406.47,406.61,405.52,405.72,296429.0,406.15,2384
20260707 14:35:00 US/Eastern,405.7,405.95,405.36,405.8,141535.0,405.677,1353
20260707 14:40:00 US/Eastern,405.77,405.81,404.76,405.14,293798.0,405.162,2399
20260707 14:45:00 US/Eastern,405.17,405.29,404.05,404.67,272905.0,404.717,2652
20260707 14:50:00 US/Eastern,404.67,404.85,403.61,404.04,297750.0,404.007,2607
20260707 14:55:00 US/Eastern,404.08,404.11,403.25,403.67,237438.0,403.634,2320
20260707 15:00:00 US/Eastern,403.73,403.9,403.07,403.74,213441.0,403.408,2162
20260707 15:05:00 US/Eastern,403.74,404.41,402.3,402.37,377856.0,403.485,3452
20260707 15:10:00 US/Eastern,402.35,402.91,402.0,402.65,332123.0,402.481,2898
20260707 15:15:00 US/Eastern,402.59,402.9,401.88,402.57,320927.0,402.327,3073
20260707 15:20:00 US/Eastern,402.57,402.85,402.03,402.78,258892.0,402.522,2692
20260707 15:25:00 US/Eastern,402.78,403.19,402.13,403.05,276659.0,402.681,2918
20260707 15:30:00 US/Eastern,403.03,403.43,402.61,402.83,309228.0,403.016,3396
20260707 15:35:00 US/Eastern,402.78,403.59,402.55,403.59,323932.0,403.083,3498
20260707 15:40:00 US/Eastern,403.59,403.77,403.04,403.21,275524.0,403.379,2932
20260707 15:45:00 US/Eastern,403.23,403.59,402.59,403.44,340061.0,403.156,3799
20260707 15:50:00 US/Eastern,403.47,405.11,403.44,404.45,646640.0,404.512,7038
20260707 15:55:00 US/Eastern,404.47,404.51,402.24,402.88,1151784.0,402.941,12540
20260708 09:30:00 US/Eastern,399.31,399.63,395.66,397.54,1072643.0,397.933,7962
20260708 09:35:00 US/Eastern,397.59,397.8,394.92,397.01,723045.0,396.213,6449
20260708 09:40:00 US/Eastern,397.05,398.91,396.95,398.7,669781.0,398.116,5926
20260708 09:45:00 US/Eastern,398.64,398.79,396.11,396.41,635359.0,397.754,5899
20260708 09:50:00 US/Eastern,396.41,396.7,394.43,394.78,656395.0,395.292,5465
20260708 09:55:00 US/Eastern,394.75,396.06,393.75,395.86,748541.0,394.511,6830
20260708 10:00:00 US/Eastern,395.85,395.88,393.95,394.2,468926.0,394.514,4341
20260708 10:05:00 US/Eastern,394.22,395.3,394.15,395.13,373510.0,394.789,3383
20260708 10:10:00 US/Eastern,395.11,395.66,394.13,394.46,365798.0,394.89,3294
20260708 10:15:00 US/Eastern,394.47,394.48,393.41,394.13,497567.0,393.94,4358
20260708 10:20:00 US/Eastern,394.1,397.19,393.94,396.64,701454.0,395.858,6186
20260708 10:25:00 US/Eastern,396.67,397.59,394.75,395.34,552045.0,396.113,4616
20260708 10:30:00 US/Eastern,395.29,395.6,394.32,394.97,344484.0,395.019,3441
20260708 10:35:00 US/Eastern,394.91,395.2,393.18,394.31,471688.0,394.362,3844
20260708 10:40:00 US/Eastern,394.32,395.08,393.56,393.93,323794.0,394.322,3024
20260708 10:45:00 US/Eastern,393.88,393.99,392.1,392.1,594042.0,392.967,4965
20260708 10:50:00 US/Eastern,392.1,394.05,391.94,393.39,515083.0,392.679,4761
20260708 10:55:00 US/Eastern,393.33,393.48,392.32,392.63,293123.0,392.878,2691
20260708 11:00:00 US/Eastern,392.73,392.99,391.61,391.66,327263.0,392.102,3031
20260708 11:05:00 US/Eastern,391.64,392.35,391.46,391.74,294721.0,391.896,2685
20260708 11:10:00 US/Eastern,391.79,392.32,391.0,391.29,355243.0,391.531,3022
20260708 11:15:00 US/Eastern,391.29,392.54,391.06,392.25,334119.0,391.625,3040
20260708 11:20:00 US/Eastern,392.23,392.64,391.31,391.5,357695.0,392.012,3126
20260708 11:25:00 US/Eastern,391.46,392.55,391.33,391.97,279692.0,391.848,2641
20260708 11:30:00 US/Eastern,391.92,392.73,391.65,392.7,265078.0,392.191,2668
20260708 11:35:00 US/Eastern,392.66,393.11,391.99,392.18,248008.0,392.577,2351
20260708 11:40:00 US/Eastern,392.18,392.81,392.12,392.66,201314.0,392.513,1883
20260708 11:45:00 US/Eastern,392.66,393.21,392.09,392.68,244477.0,392.671,2234
20260708 11:50:00 US/Eastern,392.68,393.21,392.33,393.17,157795.0,392.742,1379
20260708 11:55:00 US/Eastern,393.17,393.35,392.69,392.9,186015.0,392.997,1755
20260708 12:00:00 US/Eastern,392.9,393.88,392.83,393.64,284515.0,393.58,2622
20260708 12:05:00 US/Eastern,393.61,394.35,393.57,393.81,278247.0,394.012,2516
20260708 12:10:00 US/Eastern,393.82,394.36,393.69,394.09,185325.0,394.112,1999
20260708 12:15:00 US/Eastern,394.1,394.61,393.64,394.4,218377.0,394.138,1966
20260708 12:20:00 US/Eastern,394.42,394.66,393.56,393.6,202390.0,394.192,1789
20260708 12:25:00 US/Eastern,393.65,393.99,393.31,393.86,212453.0,393.607,1856
20260708 12:30:00 US/Eastern,393.79,394.46,392.95,393.07,255580.0,393.647,2155
20260708 12:35:00 US/Eastern,393.04,393.95,392.8,393.86,182413.0,393.273,1797
20260708 12:40:00 US/Eastern,393.8,394.88,393.41,394.29,217688.0,394.22,1862
20260708 12:45:00 US/Eastern,394.23,394.32,393.7,394.18,99808.0,394.05,873
20260708 12:50:00 US/Eastern,394.22,395.07,394.11,394.94,216782.0,394.692,1825
20260708 12:55:00 US/Eastern,394.94,395.07,394.46,394.65,137275.0,394.772,1120
20260708 13:00:00 US/Eastern,394.66,394.66,393.33,393.92,225389.0,393.923,1826
20260708 13:05:00 US/Eastern,393.85,394.5,393.82,394.17,124137.0,394.218,1041
20260708 13:10:00 US/Eastern,394.21,394.35,393.62,393.64,112799.0,393.861,1013
20260708 13:15:00 US/Eastern,393.65,394.13,393.61,393.93,97510.0,393.847,956
20260708 13:20:00 US/Eastern,393.86,394.5,393.61,394.5,145363.0,394.036,1230
20260708 13:25:00 US/Eastern,394.5,394.92,394.28,394.87,130397.0,394.565,1087
20260708 13:30:00 US/Eastern,394.93,395.5,394.72,394.94,267877.0,395.113,2413
20260708 13:35:00 US/Eastern,394.91,395.27,394.65,394.78,141235.0,394.932,1200
20260708 13:40:00 US/Eastern,394.78,394.86,393.39,393.46,204077.0,394.152,1789
20260708 13:45:00 US/Eastern,393.49,393.55,392.21,392.72,312485.0,392.839,2745
20260708 13:50:00 US/Eastern,392.72,393.11,392.39,392.71,156569.0,392.815,1536
20260708 13:55:00 US/Eastern,392.71,392.75,392.2,392.27,168314.0,392.381,1586
20260708 14:00:00 US/Eastern,392.27,393.28,392.03,392.96,241668.0,392.861,2000
20260708 14:05:00 US/Eastern,393.0,393.13,392.59,392.96,156577.0,392.872,1451
20260708 14:10:00 US/Eastern,392.95,393.19,392.67,392.73,130579.0,392.958,1101
20260708 14:15:00 US/Eastern,392.73,393.05,392.12,392.29,173128.0,392.409,1649
20260708 14:20:00 US/Eastern,392.28,392.41,391.6,391.66,204063.0,392.068,2067
20260708 14:25:00 US/Eastern,391.72,391.83,391.25,391.43,326323.0,391.544,3506
20260708 14:30:00 US/Eastern,391.4,391.68,390.99,391.3,406038.0,391.309,3632
20260708 14:35:00 US/Eastern,391.4,392.6,390.95,392.14,335803.0,391.776,3125
20260708 14:40:00 US/Eastern,392.15,392.23,390.57,390.95,350466.0,391.101,3466
20260708 14:45:00 US/Eastern,390.93,391.04,390.65,390.94,169523.0,390.822,1828
20260708 14:50:00 US/Eastern,390.94,391.52,390.64,390.81,253461.0,391.03,2489
20260708 14:55:00 US/Eastern,390.79,391.37,390.51,391.35,276647.0,390.932,2586
20260708 15:00:00 US/Eastern,391.35,392.0,391.23,391.61,252457.0,391.707,2492
20260708 15:05:00 US/Eastern,391.61,392.37,391.52,392.28,219483.0,391.926,2018
20260708 15:10:00 US/Eastern,392.28,392.35,391.92,392.3,185948.0,392.116,1814
20260708 15:15:00 US/Eastern,392.3,392.82,391.81,392.17,270267.0,392.243,2751
20260708 15:20:00 US/Eastern,392.16,393.07,392.06,392.82,221721.0,392.754,2221
20260708 15:25:00 US/Eastern,392.84,393.23,392.3,392.79,248508.0,392.729,2647
20260708 15:30:00 US/Eastern,392.8,393.16,392.72,392.93,155791.0,392.946,1649
20260708 15:35:00 US/Eastern,392.91,393.61,392.89,393.44,239686.0,393.367,2293
20260708 15:40:00 US/Eastern,393.46,393.9,393.22,393.66,277178.0,393.608,2673
20260708 15:45:00 US/Eastern,393.68,394.42,393.08,394.17,479895.0,393.727,4394
20260708 15:50:00 US/Eastern,394.12,396.07,394.07,395.49,652655.0,395.404,6869
20260708 15:55:00 US/Eastern,395.55,395.56,393.64,393.92,1002107.0,394.252,11307
20260709 09:30:00 US/Eastern,393.99,395.54,390.86,392.1,921390.0,392.754,6251
20260709 09:35:00 US/Eastern,392.17,393.62,391.68,393.32,496440.0,392.638,3987
20260709 09:40:00 US/Eastern,393.38,395.82,393.07,395.22,732072.0,394.737,5918
20260709 09:45:00 US/Eastern,395.22,396.25,393.91,394.44,521827.0,395.12,4136
20260709 09:50:00 US/Eastern,394.43,394.8,392.9,393.8,473009.0,393.721,3771
20260709 09:55:00 US/Eastern,393.85,395.55,393.42,395.41,374900.0,394.617,3003
20260709 10:00:00 US/Eastern,395.43,398.25,395.16,398.01,707025.0,396.851,5278
20260709 10:05:00 US/Eastern,398.05,398.46,395.79,396.28,516220.0,397.183,3807
20260709 10:10:00 US/Eastern,396.25,396.39,393.14,393.98,557759.0,394.104,4123
20260709 10:15:00 US/Eastern,393.92,393.92,391.91,392.43,499747.0,392.849,4026
20260709 10:20:00 US/Eastern,392.33,393.08,391.92,392.98,314060.0,392.556,2398
20260709 10:25:00 US/Eastern,393.03,394.68,392.91,394.53,341991.0,393.947,2586
20260709 10:30:00 US/Eastern,394.54,394.59,393.2,393.25,254947.0,393.748,2006
20260709 10:35:00 US/Eastern,393.31,395.23,393.05,395.18,307864.0,394.139,2370
20260709 10:40:00 US/Eastern,395.11,395.27,393.57,394.1,245282.0,394.597,2112
20260709 10:45:00 US/Eastern,394.09,395.06,394.05,394.86,207719.0,394.727,1751
20260709 10:50:00 US/Eastern,394.84,395.49,394.38,395.48,246618.0,394.955,2100
20260709 10:55:00 US/Eastern,395.45,396.03,395.02,395.67,247494.0,395.545,2075
20260709 11:00:00 US/Eastern,395.7,396.83,395.5,396.36,274622.0,396.258,2180
20260709 11:05:00 US/Eastern,396.35,397.01,395.7,395.85,296858.0,396.367,2311
20260709 11:10:00 US/Eastern,395.81,396.2,395.04,395.37,287537.0,395.666,2258
20260709 11:15:00 US/Eastern,395.31,395.92,394.5,395.07,222933.0,395.114,1626
20260709 11:20:00 US/Eastern,395.05,395.44,394.8,395.25,151147.0,395.158,1113
20260709 11:25:00 US/Eastern,395.26,396.09,395.19,395.8,190364.0,395.687,1443
20260709 11:30:00 US/Eastern,395.81,396.6,395.68,395.94,238168.0,396.075,1900
20260709 11:35:00 US/Eastern,395.91,397.25,395.82,397.19,357318.0,396.654,2887
20260709 11:40:00 US/Eastern,397.21,397.48,396.9,397.06,250115.0,397.203,2017
20260709 11:45:00 US/Eastern,397.11,399.99,396.9,399.85,479634.0,398.43,3684
20260709 11:50:00 US/Eastern,399.85,400.46,398.79,399.28,646630.0,399.73,5131
20260709 11:55:00 US/Eastern,399.28,399.59,398.57,399.42,276244.0,399.17,2198
20260709 12:00:00 US/Eastern,399.42,400.44,399.32,399.96,381478.0,399.887,2948
20260709 12:05:00 US/Eastern,399.98,400.35,399.68,399.85,345772.0,400.067,2915
20260709 12:10:00 US/Eastern,399.85,401.1,399.47,401.01,427985.0,400.257,3519
20260709 12:15:00 US/Eastern,401.05,402.05,401.0,401.41,545450.0,401.545,4245
20260709 12:20:00 US/Eastern,401.36,401.91,399.89,400.03,364834.0,400.852,2863
20260709 12:25:00 US/Eastern,399.97,399.97,398.32,398.62,368581.0,398.951,2723
20260709 12:30:00 US/Eastern,398.57,398.76,398.04,398.4,222125.0,398.399,1841
20260709 12:35:00 US/Eastern,398.35,399.9,398.34,399.73,268031.0,399.307,2282
20260709 12:40:00 US/Eastern,399.71,401.31,399.5,401.1,294398.0,400.511,2330
20260709 12:45:00 US/Eastern,401.04,402.1,401.01,401.89,383355.0,401.739,3054
20260709 12:50:00 US/Eastern,401.9,402.15,401.57,401.68,223004.0,401.826,1839
20260709 12:55:00 US/Eastern,401.68,401.89,401.36,401.77,183790.0,401.648,1477
20260709 13:00:00 US/Eastern,401.74,404.1,401.62,403.91,531196.0,403.039,4390
20260709 13:05:00 US/Eastern,403.94,404.13,403.32,403.64,347416.0,403.718,2696
20260709 13:10:00 US/Eastern,403.5,403.69,402.86,403.61,244707.0,403.34,1912
20260709 13:15:00 US/Eastern,403.61,405.25,403.56,405.16,386869.0,404.49,3166
20260709 13:20:00 US/Eastern,405.1,405.47,404.24,404.5,381019.0,404.814,2990
20260709 13:25:00 US/Eastern,404.5,404.82,403.9,404.46,261568.0,404.372,2125
20260709 13:30:00 US/Eastern,404.44,404.54,402.86,403.91,300681.0,403.647,2520
20260709 13:35:00 US/Eastern,403.98,405.1,403.69,404.32,348209.0,404.564,2748
20260709 13:40:00 US/Eastern,404.28,404.42,403.61,404.04,208114.0,403.996,1928
20260709 13:45:00 US/Eastern,404.05,404.84,403.99,404.27,195389.0,404.418,1631
20260709 13:50:00 US/Eastern,404.3,404.85,404.06,404.81,198947.0,404.429,1683
20260709 13:55:00 US/Eastern,404.82,405.25,404.5,404.99,336398.0,404.898,2983
20260709 14:00:00 US/Eastern,405.0,405.24,404.35,404.56,305534.0,404.849,2486
20260709 14:05:00 US/Eastern,404.6,404.99,404.31,404.5,176252.0,404.523,1503
20260709 14:10:00 US/Eastern,404.55,406.01,404.51,405.95,348938.0,405.353,2674
20260709 14:15:00 US/Eastern,405.97,406.27,405.36,406.05,317000.0,405.86,2866
20260709 14:20:00 US/Eastern,406.0,407.11,405.81,406.63,356436.0,406.566,2936
20260709 14:25:00 US/Eastern,406.56,407.85,406.51,407.39,392164.0,407.339,3254
20260709 14:30:00 US/Eastern,407.44,407.86,406.69,406.74,311241.0,407.321,2464
20260709 14:35:00 US/Eastern,406.67,407.2,406.36,406.9,253022.0,406.792,2111
20260709 14:40:00 US/Eastern,406.9,407.16,406.78,406.88,144698.0,406.97,1088
20260709 14:45:00 US/Eastern,406.87,407.24,406.72,407.01,204357.0,407.003,1755
20260709 14:50:00 US/Eastern,407.04,407.57,406.86,407.57,198066.0,407.109,1797
20260709 14:55:00 US/Eastern,407.52,407.72,407.11,407.16,238530.0,407.417,1929
20260709 15:00:00 US/Eastern,407.21,407.74,406.65,407.22,315716.0,407.114,2722
20260709 15:05:00 US/Eastern,407.23,407.23,406.4,406.63,223272.0,406.762,1882
20260709 15:10:00 US/Eastern,406.67,406.77,405.93,406.62,261348.0,406.412,2436
20260709 15:15:00 US/Eastern,406.66,407.35,406.38,407.0,269050.0,406.958,2210
20260709 15:20:00 US/Eastern,406.98,406.99,406.1,406.2,187190.0,406.462,1944
20260709 15:25:00 US/Eastern,406.2,406.36,405.57,405.75,293940.0,405.955,2560
20260709 15:30:00 US/Eastern,405.75,406.1,404.9,405.87,349781.0,405.417,3008
20260709 15:35:00 US/Eastern,405.88,406.33,404.45,404.56,284255.0,405.545,2700
20260709 15:40:00 US/Eastern,404.56,405.24,404.51,404.73,275257.0,404.865,2721
20260709 15:45:00 US/Eastern,404.7,405.43,404.63,405.27,231840.0,405.005,2337
20260709 15:50:00 US/Eastern,405.31,405.31,403.85,404.26,522968.0,404.247,5366
20260709 15:55:00 US/Eastern,404.33,406.65,404.33,406.54,1337126.0,405.977,13356
20260710 09:30:00 US/Eastern,410.59,412.58,407.05,410.73,1395677.0,410.407,9178
20260710 09:35:00 US/Eastern,410.85,412.02,406.11,406.24,847161.0,409.248,6892
20260710 09:40:00 US/Eastern,406.21,408.67,404.91,407.9,850039.0,406.901,6489
20260710 09:45:00 US/Eastern,407.89,409.55,407.61,409.23,558952.0,408.714,4590
20260710 09:50:00 US/Eastern,409.24,410.95,408.91,410.11,596331.0,410.019,5071
20260710 09:55:00 US/Eastern,410.11,410.6,409.35,409.84,369863.0,409.942,3228
20260710 10:00:00 US/Eastern,409.76,410.06,408.08,408.8,436546.0,409.183,3640
20260710 10:05:00 US/Eastern,408.85,410.93,408.06,410.44,415431.0,409.426,3617
20260710 10:10:00 US/Eastern,410.39,411.42,410.14,410.56,478590.0,410.758,4769
20260710 10:15:00 US/Eastern,410.58,410.83,408.71,409.11,451094.0,409.77,3680
20260710 10:20:00 US/Eastern,409.02,409.24,405.71,407.18,683785.0,407.441,5770
20260710 10:25:00 US/Eastern,407.19,408.45,406.27,407.58,429124.0,407.336,3612
20260710 10:30:00 US/Eastern,407.58,407.88,402.81,407.13,623508.0,406.021,5593
20260710 10:35:00 US/Eastern,407.1,408.82,406.76,408.32,372076.0,408.03,3075
20260710 10:40:00 US/Eastern,408.44,408.46,407.06,407.89,229613.0,407.673,2097
20260710 10:45:00 US/Eastern,407.83,409.45,407.47,409.23,270897.0,408.388,2291
20260710 10:50:00 US/Eastern,409.23,409.7,407.3,407.31,304684.0,408.553,2358
20260710 10:55:00 US/Eastern,407.43,407.96,406.31,406.75,364154.0,406.935,2887
20260710 11:00:00 US/Eastern,406.77,407.13,406.12,406.34,216709.0,406.633,1846
20260710 11:05:00 US/Eastern,406.21,407.08,405.8,406.92,300220.0,406.478,2666
20260710 11:10:00 US/Eastern,406.92,407.55,406.1,406.26,246415.0,406.688,2273
20260710 11:15:00 US/Eastern,406.19,408.33,406.1,407.59,343790.0,407.531,3010
20260710 11:20:00 US/Eastern,407.54,409.34,407.2,409.1,275532.0,408.407,2457
20260710 11:25:00 US/Eastern,409.22,409.8,409.0,409.56,272549.0,409.416,2456
20260710 11:30:00 US/Eastern,409.63,410.55,409.3,410.55,426851.0,409.847,3930
20260710 11:35:00 US/Eastern,410.46,410.6,408.27,408.44,342707.0,409.432,2825
20260710 11:40:00 US/Eastern,408.4,408.95,407.05,407.61,322425.0,407.942,2926
20260710 11:45:00 US/Eastern,407.55,408.26,406.82,408.09,242209.0,407.549,2102
20260710 11:50:00 US/Eastern,408.21,410.26,408.19,409.72,382287.0,409.404,2973
20260710 11:55:00 US/Eastern,409.78,410.08,409.3,409.43,204831.0,409.712,1821
20260710 12:00:00 US/Eastern,409.43,410.76,409.42,409.98,377502.0,410.17,3259
20260710 12:05:00 US/Eastern,410.13,410.54,409.61,410.46,192418.0,410.07,1825
20260710 12:10:00 US/Eastern,410.49,411.34,409.52,409.64,470799.0,410.361,3739
20260710 12:15:00 US/Eastern,409.69,412.09,409.69,411.69,431861.0,411.167,3420
20260710 12:20:00 US/Eastern,411.78,411.78,410.59,410.65,253292.0,411.114,2118
20260710 12:25:00 US/Eastern,410.55,411.77,410.31,410.66,291379.0,411.041,2431
20260710 12:30:00 US/Eastern,410.7,411.55,410.68,411.43,231235.0,411.244,1723
20260710 12:35:00 US/Eastern,411.47,411.99,410.8,411.25,213514.0,411.372,1726
20260710 12:40:00 US/Eastern,411.24,412.11,411.08,411.61,291827.0,411.654,2695
20260710 12:45:00 US/Eastern,411.61,412.1,411.54,412.09,166660.0,411.82,1632
20260710 12:50:00 US/Eastern,412.05,413.16,411.77,412.7,476830.0,412.631,4022
20260710 12:55:00 US/Eastern,412.69,412.77,412.01,412.17,211254.0,412.312,1815
20260710 13:00:00 US/Eastern,412.22,412.43,411.53,411.74,244384.0,412.052,2559
20260710 13:05:00 US/Eastern,411.74,411.82,410.33,410.42,284327.0,411.138,2648
20260710 13:10:00 US/Eastern,410.4,410.78,408.27,408.98,508011.0,409.63,4647
20260710 13:15:00 US/Eastern,408.97,409.6,408.9,409.15,361827.0,409.34,3373
20260710 13:20:00 US/Eastern,409.16,410.46,409.15,410.14,309311.0,409.976,2589
20260710 13:25:00 US/Eastern,410.15,411.11,410.07,410.19,292743.0,410.672,2531
20260710 13:30:00 US/Eastern,410.19,410.3,408.8,409.12,288963.0,409.568,2480
20260710 13:35:00 US/Eastern,409.12,409.55,408.6,409.43,173429.0,409.024,1476
20260710 13:40:00 US/Eastern,409.36,409.54,408.6,408.65,252053.0,408.949,2110
20260710 13:45:00 US/Eastern,408.74,408.97,408.5,408.8,183597.0,408.753,1514
20260710 13:50:00 US/Eastern,408.85,409.06,408.67,408.74,127487.0,408.851,1124
20260710 13:55:00 US/Eastern,408.73,408.85,408.23,408.58,182955.0,408.549,1684
20260710 14:00:00 US/Eastern,408.67,410.71,408.53,409.7,381244.0,409.641,3395
20260710 14:05:00 US/Eastern,409.76,410.2,409.6,409.94,104541.0,409.88,960
20260710 14:10:00 US/Eastern,409.94,411.19,409.8,410.57,280441.0,410.536,2396
20260710 14:15:00 US/Eastern,410.58,410.78,409.68,409.71,251057.0,410.149,2188
20260710 14:20:00 US/Eastern,409.71,410.0,409.1,409.85,248415.0,409.659,2311
20260710 14:25:00 US/Eastern,409.83,409.99,408.82,408.91,157713.0,409.354,1491
20260710 14:30:00 US/Eastern,408.92,409.27,408.77,408.92,163041.0,409.024,1513
20260710 14:35:00 US/Eastern,408.9,408.91,407.8,408.46,350510.0,408.26,2946
20260710 14:40:00 US/Eastern,408.44,409.71,408.33,409.31,277792.0,409.146,2256
20260710 14:45:00 US/Eastern,409.31,409.38,408.21,408.34,173564.0,408.729,1679
20260710 14:50:00 US/Eastern,408.44,408.5,408.12,408.37,146554.0,408.314,1531
20260710 14:55:00 US/Eastern,408.4,408.99,408.32,408.47,142921.0,408.596,1361
20260710 15:00:00 US/Eastern,408.5,409.33,408.37,409.14,232764.0,408.916,2338
20260710 15:05:00 US/Eastern,409.17,409.26,408.73,408.81,138483.0,408.927,1473
20260710 15:10:00 US/Eastern,408.8,409.23,408.6,409.13,185444.0,408.913,1903
20260710 15:15:00 US/Eastern,409.13,409.77,408.95,409.6,197158.0,409.338,1932
20260710 15:20:00 US/Eastern,409.6,409.88,409.25,409.84,278637.0,409.554,2703
20260710 15:25:00 US/Eastern,409.84,409.92,408.86,408.9,304561.0,409.344,2694
20260710 15:30:00 US/Eastern,408.9,409.45,408.72,409.21,203306.0,409.075,1804
20260710 15:35:00 US/Eastern,409.25,410.14,408.89,409.74,263477.0,409.585,2441
20260710 15:40:00 US/Eastern,409.78,410.33,409.61,410.06,225793.0,410.005,2206
20260710 15:45:00 US/Eastern,410.04,410.46,409.0,409.11,316804.0,409.781,2982
20260710 15:50:00 US/Eastern,409.19,409.29,407.17,407.85,458864.0,408.169,4580
20260710 15:55:00 US/Eastern,407.85,408.39,407.32,407.68,587169.0,407.665,6379
